{
    "slider": [{
        "text": "Colored, stylish icons can easily be modified and used in a wide variety of projects",
        "author": "@stSilent, DesignModo.com"
    }, {
        "text": "Colored, stylish icons can easily be modified and used in a wide variety of projects",
        "author": "@stSilent, DesignModo.com"
    }, {
        "text": "Colored, stylish icons can easily be modified and used in a wide variety of projects",
        "author": "@stSilent, DesignModo.com"
    }],
    "textBoxes": [{
        "author": "@mc",
        "text": "Easy to change and easy to create new elements with color."
    }, {
        "author": "@madbyte",
        "text": "Awesome Kit. It&rsquo;s more easiest way to make my startup. Thanks!"
    }, {
        "author": "@stSilent",
        "text": "Create new elements with color swatches. Wow!"
    }]
}
