{
    "title": "Documentation ",
    "description": "Documentation is really important for a developer. Right from it you get to know the product. We tried to describe all the components and provide the set-up instructions. ",
    "image": "common-files/icons/browser-iphone@2x.png",
    "row": [{
        "title": "User Guide",
        "name": "You’ll get a description of each component and learn how to connect and use them. "
    }, {
        "title": "Video Tutorials",
        "name": "Video tutorials show you how to make a web site for your startup from design to code. "
    }]
}
