{
    "plans": [{
        "title": "Starter Plan",
        "price": "19$/month",
        "description": "10,000 messages<br> <b>unlimited</b> data<br> <b>unlimited</b> users<br> first 10 day free",
        "image": "common-files/icons/retina-ready-s@2x.png",
        "btns": {
            "name": "Your Current Plan",
            "url": "\/"
        }
    }, {
        "title": "Business Plan",
        "price": "39$/month",
        "description": "10,000 messages<br> <b>unlimited</b> data<br> <b>unlimited</b> users<br> first 30 day free",
        "image": "common-files/icons/rocket@2x.png",
        "btns": {
            "name": "Change to this Plan",
            "url": "\/"
        }
    }, {
        "title": "Developer Plan",
        "price": "59$/month",
        "description": "10,000 messages<br> <b>unlimited</b> data<br> <b>unlimited</b> users<br> first 100 day free",
        "image": "common-files/icons/magic-wand@2x.png",
        "btns": {
            "name": "Change to this Plan",
            "url": "\/"
        }
    }]
}
